{
  "train_loss": [
    1.5507307095295937,
    1.2342176544087013,
    1.1220783400718513,
    1.0574450819083796,
    1.0083689957933353,
    0.9763280186811676,
    0.9451747318667829,
    0.9219970568976439,
    0.9023825672581373,
    0.8848541801237999,
    0.8729648571794905,
    0.8561022912754732,
    0.8436048889099179,
    0.8331105757857222,
    0.8207225141013065,
    0.815749562914719,
    0.8034945465719608,
    0.7972009555458108,
    0.786111718705853,
    0.7741650073119747,
    0.7733177345274659,
    0.7695340283996309,
    0.757905178057873,
    0.7514011640377971,
    0.7476006840805873,
    0.7344101036296171,
    0.730330633385407,
    0.7296944423709684,
    0.7301124830532562,
    0.7243848984198802,
    0.7243402240526341,
    0.7147230823021715,
    0.7102362038686757,
    0.7010816476686531,
    0.7027868706247081,
    0.6954715093383399,
    0.6930538528715559,
    0.6960502891894191,
    0.6893989901103632,
    0.6896380920849188,
    0.6832286080588466,
    0.6802309405468309,
    0.6785729148656207,
    0.6798912700637222,
    0.6730964480306182,
    0.6749857267760255,
    0.6732145554726691,
    0.6652303921139758,
    0.6623591649562807,
    0.6661801633170193
  ],
  "train_acc": [
    44.382,
    56.694,
    60.728,
    62.99,
    64.848,
    65.858,
    67.216,
    67.978,
    68.592,
    69.348,
    69.808,
    70.42,
    70.62,
    71.11,
    71.632,
    71.992,
    72.168,
    72.586,
    72.952,
    73.368,
    73.266,
    73.264,
    73.714,
    73.916,
    74.028,
    74.864,
    75.042,
    74.71,
    74.878,
    74.746,
    74.91,
    75.4,
    75.544,
    75.66,
    75.746,
    75.856,
    75.89,
    75.902,
    76.192,
    76.258,
    76.326,
    76.556,
    76.452,
    76.358,
    76.852,
    76.618,
    76.814,
    76.962,
    76.918,
    76.832
  ],
  "test_loss": [
    1.1860146779048293,
    1.0875646456887451,
    0.9454169039484821,
    0.9279845847359186,
    0.9060219262219682,
    0.8671968058694767,
    0.8347465637363966,
    0.8145915375480169,
    0.8122230994550488,
    0.8684175565272947,
    0.8035378569289099,
    0.7941708836374404,
    0.781193997286543,
    0.7966512237923055,
    0.7727254048178468,
    0.7647785152061076,
    0.7510917503622514,
    0.7246708764305597,
    0.7208222165892396,
    0.7305436360685131,
    0.7181118809724156,
    0.7263510657262199,
    0.7053773331491253,
    0.7143091906475115,
    0.6965916952754878,
    0.703686072856565,
    0.7000900593739522,
    0.6827808893934081,
    0.706997511130345,
    0.712674546468107,
    0.6883248600024211,
    0.6716506209554551,
    0.6788655244096925,
    0.6611422338063204,
    0.6935608243640465,
    0.6988828431201887,
    0.6666593008403536,
    0.6798323347598692,
    0.6527332754074773,
    0.6593052899535699,
    0.6784433741358262,
    0.6742904046668282,
    0.6852351151689698,
    0.6452233783806427,
    0.6487676395645624,
    0.6486279168460942,
    0.6496342529978933,
    0.6477005526989321,
    0.6609637767453737,
    0.648900722023807
  ],
  "test_acc": [
    57.79,
    61.39,
    66.92,
    67.68,
    68.95,
    69.66,
    71.61,
    71.71,
    72.37,
    70.42,
    72.34,
    72.74,
    73.12,
    72.82,
    73.48,
    74.08,
    74.65,
    75.52,
    75.56,
    74.88,
    75.75,
    75.18,
    75.85,
    75.28,
    75.85,
    75.99,
    75.76,
    76.55,
    75.94,
    75.39,
    76.48,
    77.28,
    77.08,
    77.63,
    76.45,
    76.51,
    77.64,
    76.72,
    77.71,
    77.97,
    77.13,
    77.26,
    76.81,
    78.13,
    77.83,
    78.24,
    77.76,
    78.02,
    77.42,
    77.97
  ]
}