{
  "train_loss": [
    1.8291820373071734,
    1.5189661589424934,
    1.3925587155325028,
    1.3218117836491226,
    1.2592365261538865,
    1.2137337811767597,
    1.1803977853806733,
    1.1538980850173384,
    1.136602204474037,
    1.112180769748395,
    1.105450871045632,
    1.0813293226844514,
    1.0662117473914494,
    1.0537478176834028,
    1.053405386712545,
    1.0377040372785096,
    1.031124034348656,
    1.0198680435300178,
    1.010984903101421,
    1.0033210075419883,
    0.9968351445844411,
    0.998354398990836,
    0.9825227306322064,
    0.9788631374573769,
    0.9723041330457038,
    0.9639743115286084,
    0.963932731724761,
    0.9598150117622922,
    0.9508349448823563,
    0.9426207522602033,
    0.9449248283415499,
    0.9450530729940175,
    0.9413038829098577,
    0.928240137941697,
    0.9359724042970506,
    0.9429578279595241,
    0.9283011331582618,
    0.9220986422675345,
    0.9145443361738453,
    0.9235808009381794,
    0.9143318264075863,
    0.9150958951476895,
    0.9047748993729692,
    0.9094115683184866,
    0.8996746498910363,
    0.9061256177590021,
    0.9054124030615668,
    0.9025975406322333,
    0.9026784352634264,
    0.9066939166439768
  ],
  "train_acc": [
    35.46,
    46.63,
    51.642,
    54.464,
    56.578,
    58.076,
    59.776,
    60.74,
    61.314,
    62.198,
    62.57,
    63.33,
    63.774,
    64.3,
    64.42,
    64.892,
    65.254,
    65.364,
    65.858,
    66.322,
    66.406,
    66.532,
    66.792,
    67.28,
    67.456,
    67.724,
    67.698,
    68.004,
    68.204,
    68.468,
    68.07,
    68.298,
    68.46,
    68.798,
    68.7,
    68.496,
    68.944,
    69.12,
    69.444,
    69.166,
    69.49,
    69.256,
    69.692,
    69.398,
    69.886,
    69.664,
    70.16,
    69.722,
    69.844,
    69.99
  ],
  "test_loss": [
    1.5162146151820315,
    1.3190857926501502,
    1.1976177262354502,
    1.1665390556371664,
    1.1316902622391907,
    1.0942094333564178,
    1.0606441897681997,
    1.0543914029869852,
    1.009160561652123,
    1.0023669177972818,
    0.975920172431801,
    0.9956899307951143,
    0.9654959998553312,
    0.9522697616227066,
    0.9200770379621771,
    1.0033211557171013,
    0.9528961392897594,
    0.9471291243275509,
    0.9321279050428656,
    0.9890848269945458,
    0.9140050411224365,
    0.9295111260836637,
    0.9169229170944118,
    0.9048730338676066,
    0.8881526544124265,
    0.8954012084610855,
    0.8863853600960744,
    0.8883132949660096,
    0.900425642351561,
    0.898970019213761,
    0.9420495689669742,
    0.9010476651070993,
    0.8818649830697458,
    0.8654333609568922,
    0.8866711998287635,
    0.8666651128213617,
    0.8799675008918666,
    0.8884796319128592,
    0.8662480923193919,
    0.8522015115882777,
    0.8710751073269904,
    0.8765186063850983,
    0.8926948882356475,
    0.8947781935522828,
    0.9014403631415548,
    0.8553317641910119,
    0.8884956934784032,
    0.8547649262826654,
    0.8571953901761695,
    0.8451170566715772
  ],
  "test_acc": [
    46.65,
    53.38,
    58.74,
    60.12,
    61.52,
    63.03,
    63.57,
    64.51,
    66.19,
    66.6,
    67.34,
    65.8,
    68.03,
    67.94,
    69.18,
    66.63,
    69.02,
    69.24,
    69.14,
    66.96,
    69.78,
    69.32,
    70.58,
    70.05,
    70.91,
    70.72,
    71.03,
    70.85,
    70.36,
    70.31,
    69.17,
    70.94,
    71.02,
    71.87,
    71.32,
    72.31,
    71.03,
    71.62,
    71.75,
    72.38,
    71.41,
    71.69,
    71.33,
    70.94,
    70.92,
    72.36,
    71.05,
    72.29,
    72.34,
    72.71
  ]
}