{
  "train_loss": [
    1.7039885926429572,
    1.3993692154164814,
    1.2458698199228253,
    1.1598216354694513,
    1.095223512490997,
    1.0535050319588704,
    1.0248451656697657,
    0.9947443398673211,
    0.9752205979183811,
    0.9528443337706349,
    0.9397751370354381,
    0.9192940979967337,
    0.9041490795667214,
    0.8924881047604943,
    0.8839637932874967,
    0.8717116570228811,
    0.867800005713997,
    0.8557589384905823,
    0.8491944158473588,
    0.8373835647807402,
    0.8314425617532657,
    0.823001228482522,
    0.8134334927324749,
    0.8113387010591414,
    0.807606587629489,
    0.8016278551667547,
    0.7965578624354605,
    0.792853018359455,
    0.7860607360025196,
    0.7798883186276916,
    0.7806385255530667,
    0.7755579608480644,
    0.7711266806668333,
    0.7684152437293011,
    0.7608444773784989,
    0.7537801385383167,
    0.7581047828087721,
    0.754203115582771,
    0.7502678673895423,
    0.7477276314554921,
    0.7371959232003488,
    0.738913192773414,
    0.741397209103455,
    0.7330881944092948,
    0.733308109633453,
    0.7305842676126134,
    0.7288864865479872,
    0.7244726824943367,
    0.7236967390912878,
    0.7226244452054543
  ],
  "train_acc": [
    39.032,
    50.214,
    56.178,
    59.456,
    61.858,
    63.504,
    64.422,
    65.55,
    66.098,
    66.896,
    67.27,
    68.186,
    68.992,
    69.204,
    69.514,
    70.026,
    70.356,
    70.698,
    70.884,
    71.352,
    71.288,
    71.614,
    71.994,
    72.03,
    72.098,
    72.59,
    72.548,
    72.874,
    72.994,
    73.07,
    73.182,
    73.19,
    73.414,
    73.754,
    73.982,
    73.99,
    74.006,
    74.154,
    74.43,
    74.338,
    74.596,
    74.706,
    74.48,
    74.878,
    74.924,
    74.918,
    75.168,
    75.044,
    75.416,
    75.184
  ],
  "test_loss": [
    1.3850541718398468,
    1.1682657312743272,
    1.0457364109498035,
    1.0086444382426105,
    0.9655042388771153,
    0.9213162909580183,
    0.9280783179440076,
    0.887656366523308,
    0.898691120781476,
    0.8872463491898549,
    0.8449746023250532,
    0.8123747630964352,
    0.802151503442209,
    0.8271873246265363,
    0.8183078320720528,
    0.817919745475431,
    0.8056039772456205,
    0.8010218075559109,
    0.7862359685233876,
    0.7892594284649137,
    0.7743920842303506,
    0.7743459185467491,
    0.7664045208617102,
    0.7439665334134162,
    0.7459365299230889,
    0.7452336640297612,
    0.7473136360132242,
    0.745706017258801,
    0.7305992509745345,
    0.7293506060974507,
    0.7395439555373373,
    0.7069145195846316,
    0.7416509476643575,
    0.7333320496203024,
    0.7341781899898867,
    0.6971408377719831,
    0.7416305221334288,
    0.7098008688492111,
    0.7006029116956494,
    0.735769345790525,
    0.7185507246965095,
    0.7185919684699819,
    0.7033502021922341,
    0.7066670999496798,
    0.6820386644405655,
    0.7304129608069794,
    0.6900809561904473,
    0.7034681209280521,
    0.6770836880689934,
    0.6806551085997231
  ],
  "test_acc": [
    51.59,
    58.6,
    63.27,
    65.11,
    66.44,
    68.17,
    67.92,
    69.24,
    69.14,
    69.17,
    70.39,
    72.03,
    72.37,
    72.15,
    72.02,
    71.92,
    71.71,
    72.04,
    72.96,
    73.21,
    73.41,
    73.31,
    73.97,
    74.42,
    74.38,
    74.32,
    74.49,
    74.55,
    74.67,
    74.66,
    74.55,
    75.52,
    75.05,
    75.22,
    75.03,
    76.04,
    74.82,
    76.36,
    75.89,
    75.27,
    75.68,
    76.33,
    76.33,
    75.72,
    76.82,
    75.22,
    76.92,
    76.05,
    76.84,
    76.75
  ]
}