{
  "train_loss": [
    1.6533304154110686,
    1.3981540785421191,
    1.2738616503108189,
    1.1994178985695705,
    1.1464766071885444,
    1.1037923138769692,
    1.0781668706623184,
    1.0598103378130042,
    1.0382624388960622,
    1.0140688771482014,
    1.0051093799683748,
    0.9962532681882229,
    0.9802265880662767,
    0.9666064744410308,
    0.9627049891540157,
    0.9506118039950691,
    0.9449757363485254,
    0.9353020439672348,
    0.924527788711021,
    0.910970730549844,
    0.9130231270094966,
    0.9049940301329279,
    0.8923610520484807,
    0.8904946386966559,
    0.881679318749996,
    0.8861719968983585,
    0.8682587061391767,
    0.8703829415923799,
    0.8636768066974552,
    0.8590160315603856,
    0.8569757624355423,
    0.8507008002237286,
    0.8457652603268928,
    0.8474096626881749,
    0.841022429258927,
    0.8401041172654428,
    0.8337622137020921,
    0.8328022054394187,
    0.832203292785703,
    0.8321977745541527,
    0.8276616755653831,
    0.8240826562847323,
    0.8198295075570226,
    0.8174779680378906,
    0.8147817394312691,
    0.8142230859802811,
    0.8041706845888397,
    0.8084524229664327,
    0.8074067454508809,
    0.8018793331082824
  ],
  "train_acc": [
    40.496,
    50.1,
    54.562,
    57.644,
    59.372,
    61.334,
    62.03,
    62.82,
    63.626,
    64.47,
    64.802,
    65.106,
    65.746,
    66.506,
    66.15,
    66.894,
    66.88,
    67.304,
    67.786,
    68.284,
    68.316,
    68.48,
    68.932,
    69.052,
    69.272,
    69.204,
    69.902,
    69.548,
    69.77,
    69.882,
    70.29,
    70.37,
    70.57,
    70.596,
    70.814,
    70.652,
    71.204,
    71.09,
    71.06,
    71.148,
    71.312,
    71.384,
    71.244,
    71.576,
    71.552,
    71.678,
    72.12,
    71.8,
    71.952,
    72.056
  ],
  "test_loss": [
    1.3621357981162736,
    1.2077890785434577,
    1.135672935956641,
    1.0433593309378322,
    1.010343131385272,
    0.9765650245207774,
    0.9626164911668512,
    0.9428538514088981,
    0.9199306821521325,
    0.9035646749448173,
    0.9099938190436061,
    0.9035820553574381,
    0.8945604630663425,
    0.8754464282265192,
    0.859988815045055,
    0.8559795753865302,
    0.865542601180982,
    0.8420792802979674,
    0.8515976124171969,
    0.8604383015934425,
    0.8434458948388884,
    0.8212770344335821,
    0.8236781056923203,
    0.8193098050129565,
    0.8017584930492353,
    0.8047734974305841,
    0.8019743207134779,
    0.8069447546820098,
    0.7961735695223265,
    0.7837555793267262,
    0.7981943473031249,
    0.7813451282585724,
    0.7910046939608417,
    0.7920528944534592,
    0.8200462068183513,
    0.7711305625831024,
    0.7767153782180592,
    0.7840043894852264,
    0.7707116913191879,
    0.7675654895697968,
    0.784583113616026,
    0.7697388016724889,
    0.7667338576497911,
    0.7660872053496445,
    0.7706555150732209,
    0.7613327578653263,
    0.7642040746875957,
    0.765108343166641,
    0.773303468393374,
    0.7514424844633175
  ],
  "test_acc": [
    51.91,
    56.72,
    60.02,
    62.77,
    64.31,
    65.56,
    66.04,
    67.14,
    67.49,
    68.8,
    67.93,
    68.6,
    69.28,
    69.51,
    70.32,
    69.96,
    70.32,
    71.32,
    70.58,
    70.08,
    71.03,
    72.0,
    71.54,
    71.99,
    72.26,
    72.02,
    72.35,
    72.15,
    72.24,
    72.58,
    71.51,
    72.86,
    72.3,
    72.55,
    71.65,
    73.31,
    73.06,
    72.93,
    73.37,
    73.27,
    73.03,
    73.27,
    73.55,
    73.32,
    73.44,
    73.62,
    74.0,
    73.62,
    73.15,
    73.79
  ]
}